"solution_name","solution_folder","connector_id","connector_title","connector_publisher","connector_file","reason","details"
"Azure Batch Account","https://github.com/Azure/Azure-Sentinel/blob/master/Solutions/Azure%20Batch%20Account","","","","","missing_connector_json","Data Connectors folder exists but contains no readable connector JSON files."
"Azure Cognitive Search","https://github.com/Azure/Azure-Sentinel/blob/master/Solutions/Azure%20Cognitive%20Search","","","","","missing_connector_json","Data Connectors folder exists but contains no readable connector JSON files."
"Azure Data Lake Storage Gen1","https://github.com/Azure/Azure-Sentinel/blob/master/Solutions/Azure%20Data%20Lake%20Storage%20Gen1","","","","","missing_connector_json","Data Connectors folder exists but contains no readable connector JSON files."
"Azure DDoS Protection","https://github.com/Azure/Azure-Sentinel/blob/master/Solutions/Azure%20DDoS%20Protection","","","","","missing_connector_json","Data Connectors folder exists but contains no readable connector JSON files."
"Azure Event Hubs","https://github.com/Azure/Azure-Sentinel/blob/master/Solutions/Azure%20Event%20Hubs","","","","","missing_connector_json","Data Connectors folder exists but contains no readable connector JSON files."
"Azure Firewall","https://github.com/Azure/Azure-Sentinel/blob/master/Solutions/Azure%20Firewall","","","","","missing_connector_json","Data Connectors folder exists but contains no readable connector JSON files."
"Azure Key Vault","https://github.com/Azure/Azure-Sentinel/blob/master/Solutions/Azure%20Key%20Vault","","","","","missing_connector_json","Data Connectors folder exists but contains no readable connector JSON files."
"Azure kubernetes Service","https://github.com/Azure/Azure-Sentinel/blob/master/Solutions/Azure%20kubernetes%20Service","","","","","missing_connector_json","Data Connectors folder exists but contains no readable connector JSON files."
"Azure Logic Apps","https://github.com/Azure/Azure-Sentinel/blob/master/Solutions/Azure%20Logic%20Apps","","","","","missing_connector_json","Data Connectors folder exists but contains no readable connector JSON files."
"Azure Network Security Groups","https://github.com/Azure/Azure-Sentinel/blob/master/Solutions/Azure%20Network%20Security%20Groups","","","","","missing_connector_json","Data Connectors folder exists but contains no readable connector JSON files."
"Azure Service Bus","https://github.com/Azure/Azure-Sentinel/blob/master/Solutions/Azure%20Service%20Bus","","","","","missing_connector_json","Data Connectors folder exists but contains no readable connector JSON files."
"Azure SQL Database solution for sentinel","https://github.com/Azure/Azure-Sentinel/blob/master/Solutions/Azure%20SQL%20Database%20solution%20for%20sentinel","","","","","missing_connector_json","Data Connectors folder exists but contains no readable connector JSON files."
"Azure Storage","https://github.com/Azure/Azure-Sentinel/blob/master/Solutions/Azure%20Storage","","","","","missing_connector_json","Data Connectors folder exists but contains no readable connector JSON files."
"Azure Stream Analytics","https://github.com/Azure/Azure-Sentinel/blob/master/Solutions/Azure%20Stream%20Analytics","","","","","missing_connector_json","Data Connectors folder exists but contains no readable connector JSON files."
"Azure Web Application Firewall (WAF)","https://github.com/Azure/Azure-Sentinel/blob/master/Solutions/Azure%20Web%20Application%20Firewall%20%28WAF%29","","","","","missing_connector_json","Data Connectors folder exists but contains no readable connector JSON files."
"Blackberry CylancePROTECT","https://github.com/Azure/Azure-Sentinel/blob/master/Solutions/Blackberry%20CylancePROTECT","","","","","missing_connector_json","Data Connectors folder exists but contains no readable connector JSON files."
"CiscoASA","https://github.com/Azure/Azure-Sentinel/blob/master/Solutions/CiscoASA","","","","","missing_connector_json","Data Connectors folder exists but contains no readable connector JSON files."
"Common Event Format","https://github.com/Azure/Azure-Sentinel/blob/master/Solutions/Common%20Event%20Format","","","","","missing_connector_json","Data Connectors folder exists but contains no readable connector JSON files."
"Google Cloud Platform Audit Logs","https://github.com/Azure/Azure-Sentinel/blob/master/Solutions/Google%20Cloud%20Platform%20Audit%20Logs","GCPPub/SubAuditLogs","GCP Pub/Sub Audit Logs","Microsoft","https://github.com/Azure/Azure-Sentinel/blob/master/Solutions/Google%20Cloud%20Platform%20Audit%20Logs/Data Connectors/GCPAuditLogs.json","loganalytics_mismatch","logAnalyticsTableId 'Microsoft-GCPAuditLogs' differs from detected table tokens ['GCPAuditLogs']"
"Google Cloud Platform Audit Logs","https://github.com/Azure/Azure-Sentinel/blob/master/Solutions/Google%20Cloud%20Platform%20Audit%20Logs","GCPPub/SubAuditLogs","GCP Pub/Sub Audit Logs","Microsoft","https://github.com/Azure/Azure-Sentinel/blob/master/Solutions/Google%20Cloud%20Platform%20Audit%20Logs/Data Connectors/GCPAuditLogs.json","loganalytics_mismatch","logAnalyticsTableId 'Microsoft-GCPAuditLogs' differs from detected table tokens ['GCPAuditLogs']"
"Google Cloud Platform Firewall Logs","https://github.com/Azure/Azure-Sentinel/blob/master/Solutions/Google%20Cloud%20Platform%20Firewall%20Logs","","","","","missing_solution_metadata","Solution contains connectors but is missing SolutionMetadata.json."
"IoTOTThreatMonitoringwithDefenderforIoT","https://github.com/Azure/Azure-Sentinel/blob/master/Solutions/IoTOTThreatMonitoringwithDefenderforIoT","","","","","missing_connector_json","Data Connectors folder exists but contains no readable connector JSON files."
"Microsoft 365","https://github.com/Azure/Azure-Sentinel/blob/master/Solutions/Microsoft%20365","","","","","missing_connector_json","Data Connectors folder exists but contains no readable connector JSON files."
"Microsoft Copilot","https://github.com/Azure/Azure-Sentinel/blob/master/Solutions/Microsoft%20Copilot","MicrosoftCopilot","Microsoft Copilot","Microsoft","https://github.com/Azure/Azure-Sentinel/blob/master/Solutions/Microsoft%20Copilot/Data Connectors/MicrosoftCopilot_ConnectorDefinition.json","table_detection_failed","Table tokens were detected but none could be emitted."
"Microsoft Defender for Cloud Apps","https://github.com/Azure/Azure-Sentinel/blob/master/Solutions/Microsoft%20Defender%20for%20Cloud%20Apps","","","","","missing_connector_json","Data Connectors folder exists but contains no readable connector JSON files."
"Microsoft Defender for Identity","https://github.com/Azure/Azure-Sentinel/blob/master/Solutions/Microsoft%20Defender%20For%20Identity","","","","","missing_connector_json","Data Connectors folder exists but contains no readable connector JSON files."
"Microsoft Defender XDR","https://github.com/Azure/Azure-Sentinel/blob/master/Solutions/Microsoft%20Defender%20XDR","","","","","missing_connector_json","Data Connectors folder exists but contains no readable connector JSON files."
"Microsoft Entra ID","https://github.com/Azure/Azure-Sentinel/blob/master/Solutions/Microsoft%20Entra%20ID","","","","","missing_connector_json","Data Connectors folder exists but contains no readable connector JSON files."
"Microsoft Entra ID Protection","https://github.com/Azure/Azure-Sentinel/blob/master/Solutions/Microsoft%20Entra%20ID%20Protection","","","","","missing_connector_json","Data Connectors folder exists but contains no readable connector JSON files."
"Microsoft Project","https://github.com/Azure/Azure-Sentinel/blob/master/Solutions/Microsoft%20Project","","","","","missing_connector_json","Data Connectors folder exists but contains no readable connector JSON files."
"MicrosoftDefenderForEndpoint","https://github.com/Azure/Azure-Sentinel/blob/master/Solutions/MicrosoftDefenderForEndpoint","","","","","missing_connector_json","Data Connectors folder exists but contains no readable connector JSON files."
"MicrosoftPurviewInsiderRiskManagement","https://github.com/Azure/Azure-Sentinel/blob/master/Solutions/MicrosoftPurviewInsiderRiskManagement","","","","","missing_connector_json","Data Connectors folder exists but contains no readable connector JSON files."
"OneIdentity","https://github.com/Azure/Azure-Sentinel/blob/master/Solutions/OneIdentity","","","","","missing_connector_json","Data Connectors folder exists but contains no readable connector JSON files."
"Palo Alto - XDR (Cortex)","https://github.com/Azure/Azure-Sentinel/blob/master/Solutions/Palo%20Alto%20-%20XDR%20%28Cortex%29","","","","","missing_solution_metadata","Solution contains connectors but is missing SolutionMetadata.json."
"Symantec Integrated Cyber Defense","https://github.com/Azure/Azure-Sentinel/blob/master/Solutions/Symantec%20Integrated%20Cyber%20Defense","","","","","missing_connector_json","Data Connectors folder exists but contains no readable connector JSON files."
"TenableAD","https://github.com/Azure/Azure-Sentinel/blob/master/Solutions/TenableAD","","","","","missing_solution_metadata","Solution contains connectors but is missing SolutionMetadata.json."
"TransmitSecurity","https://github.com/Azure/Azure-Sentinel/blob/master/Solutions/TransmitSecurity","","","","","missing_connector_json","Data Connectors folder exists but contains no readable connector JSON files."
"Tropico","https://github.com/Azure/Azure-Sentinel/blob/master/Solutions/Tropico","TropicoAlertsDefinition","Tropico Security - Alerts","Tropico Security","https://github.com/Azure/Azure-Sentinel/blob/master/Solutions/Tropico/Data Connectors/TropicoAlerts_CCF/TropicoAlerts_ConnectorDefinition.json","table_detection_failed","Table tokens were detected but none could be emitted."
"Tropico","https://github.com/Azure/Azure-Sentinel/blob/master/Solutions/Tropico","TropicoEventsDefinition","Tropico Security - Events","Tropico Security","https://github.com/Azure/Azure-Sentinel/blob/master/Solutions/Tropico/Data Connectors/TropicoEvents_CCF/TropicoEvents_ConnectorDefinition.json","table_detection_failed","Table tokens were detected but none could be emitted."
"Tropico","https://github.com/Azure/Azure-Sentinel/blob/master/Solutions/Tropico","TropicoIncidentsDefinition","Tropico Security - Incidents","Tropico Security","https://github.com/Azure/Azure-Sentinel/blob/master/Solutions/Tropico/Data Connectors/TropicoIncidents_CCF/TropicoIncidents_ConnectorDefinition.json","table_detection_failed","Table tokens were detected but none could be emitted."
"Windows Firewall","https://github.com/Azure/Azure-Sentinel/blob/master/Solutions/Windows%20Firewall","","","","","missing_connector_json","Data Connectors folder exists but contains no readable connector JSON files."
"Windows Forwarded Events","https://github.com/Azure/Azure-Sentinel/blob/master/Solutions/Windows%20Forwarded%20Events","","","","","missing_connector_json","Data Connectors folder exists but contains no readable connector JSON files."
"Windows Security Events","https://github.com/Azure/Azure-Sentinel/blob/master/Solutions/Windows%20Security%20Events","","","","","missing_connector_json","Data Connectors folder exists but contains no readable connector JSON files."
"Windows Server DNS","https://github.com/Azure/Azure-Sentinel/blob/master/Solutions/Windows%20Server%20DNS","","","","","missing_connector_json","Data Connectors folder exists but contains no readable connector JSON files."
"Zscaler Internet Access","https://github.com/Azure/Azure-Sentinel/blob/master/Solutions/Zscaler%20Internet%20Access","","","","","missing_connector_json","Data Connectors folder exists but contains no readable connector JSON files."
